{"cameraMode":{"drawMode":0,"name":"Shaded","section":"Shading Mode"},"sceneLighting":true,"audioPlay":false,"sceneViewState":{"showFog":true,"showMaterialUpdate":false,"showSkybox":true,"showFlares":true,"showImageEffects":true,"showParticleSystems":true},"in2DMode":false,"pivot":{"x":2.7449543476104738,"y":0.7183448076248169,"z":-5.230896472930908},"rotation":{"x":-0.04823002219200134,"y":-0.05032281205058098,"z":0.0024331051390618088,"w":-0.9975648522377014},"size":1.3368875980377198,"orthographic":false}