{"cameraMode":{"drawMode":0,"name":"Shaded","section":"Shading Mode"},"sceneLighting":false,"audioPlay":false,"sceneViewState":{"showFog":true,"showMaterialUpdate":false,"showSkybox":true,"showFlares":true,"showImageEffects":true,"showParticleSystems":true},"in2DMode":false,"pivot":{"x":-3.020885705947876,"y":-6.390713214874268,"z":-12.59827995300293},"rotation":{"x":-0.02468613162636757,"y":0.9692578315734863,"z":-0.21909672021865846,"w":-0.10920848697423935},"size":29.355144500732423,"orthographic":false}